cardId, cardSet, dbfId, health, name, playerClass, type
ULDA_BOSS_62h, Saviors of Uldum, 56207, 30, A Beautiful Oasis, Hunter, Hero
SCH_538e, Scholomance Academy, 60358, , Ace Hunter's Lesson, Hunter, Enchantment
ULDA_BOSS_41h, Saviors of Uldum, 57363, 10, Alda Petrik, Hunter, Hero
HERO_05a, Hero Skins, 2826, 30, Alleria Windrunner, Hunter, Hero
Story_01_AethasHPe, Scholomance Academy, 63590, , Arcane Intensity, Hunter, Enchantment
ULDA_BOSS_75h, Saviors of Uldum, 57396, 10, Avozu, Hunter, Hero
PVPDR_YOP_HunterT2e, Tavern Brawl, 67495, , Beastly Vigor, Hunter, Enchantment
EX1_549o, Classic, 668, , Bestial Wrath, Hunter, Enchantment
SCH_618e, Scholomance Academy, 60357, , Blood of Innocents, Hunter, Enchantment
DALA_BOSS_58h, Rise of Shadows, 54344, 30, Boommaster Flark, Hunter, Hero
TB_RoadToNR_Brann, Tavern Brawl, 60010, 15, Brann Bronzebeard, Hunter, Hero
TB_LEAGUE_REVIVAL_BrannAIHero, Tavern Brawl, 57860, 15, Brann Bronzebeard, Hunter, Hero
ULDA_Brann, Saviors of Uldum, 57583, 15, Brann Bronzebeard, Hunter, Hero
TB_TempleOutrun_Brann, Tavern Brawl, 59388, 15, Brann Bronzebeard, Hunter, Hero
TB_LEAGUE_REVIVAL_BrannHistory, Tavern Brawl, 58613, 15, Brann Bronzebeard, Hunter, Hero
DRGA_BOSS_04h, Galakrond's Awakening, 58260, 30, Brann Bronzebeard, Hunter, Hero
LOOTA_BOSS_23h, Kobolds & Catacombs, 46341, 50, Bristlesnarl, Hunter, Hero
DS1_178e, Basic, 1712, , Charge, Hunter, Enchantment
BOT_438e, The Boomsday Project, 48771, , Chipped, Hunter, Enchantment
DALA_BOSS_01h, Rise of Shadows, 53750, 10, Chomper, Hunter, Hero
ULDA_BOSS_50p, Saviors of Uldum, 57279, , Desert Warfare, Hunter, Hero Power
ULDA_BOSS_59h, Saviors of Uldum, 57381, 10, Dire Bat, Hunter, Hero
DALA_BOSS_36h, Rise of Shadows, 53629, 30, Draemus, Hunter, Hero
DRGA_BOSS_04h2, Galakrond's Awakening, 60355, 30, Dragonrider Brann, Hunter, Hero
DRGA_BOSS_22h, Galakrond's Awakening, 58314, 200, Dragonslayer Skruk, Hunter, Hero
ULDA_018e, Saviors of Uldum, 58046, , Excavated, Hunter, Enchantment
LOE_105e, The League of Explorers, 3000, , Explorer's Hat, Hunter, Enchantment
LOOT_440e, Kobolds & Catacombs, 48775, , Explosive, Hunter, Enchantment
NEW1_033o, Basic, 143, , Eye In The Sky, Hunter, Enchantment
DALA_BOSS_07h, Rise of Shadows, 53607, 30, Flight Master Belnaara, Hunter, Hero
DRGA_BOSS_38p, Galakrond's Awakening, 59996, , For the Horde!, Hunter, Hero Power
DS1_175o, Basic, 1629, , Furious Howl, Hunter, Enchantment
LOOTA_BOSS_18h, Kobolds & Catacombs, 47366, 10, Giant Rat, Hunter, Hero
HERO_05e, Hero Skins, 64699, 30, Giantstalker Rexxar, Hunter, Hero
ULDA_BOSS_05h, Saviors of Uldum, 57093, 10, Glack the Scorpid, Hunter, Hero
DS1_188e, Classic, 40197, , Gladiator's Longbow enchantment, Hunter, Enchantment
GVG_043e, Goblins vs Gnomes, 2200, , Glaivezooka, Hunter, Enchantment
GILA_BOSS_65h, The Witchwood, 48998, 10, Gobbles, Hunter, Hero
DMF_734e, Madness At The Darkmoon Faire, 67283, , Greybud, Hunter, Enchantment
DRGA_BOSS_22p, Galakrond's Awakening, 58315, , Gronnic Strength, Hunter, Hero Power
AT_057o, The Grand Tournament, 2640, , Groomed, Hunter, Enchantment
GILA_BOSS_62h, The Witchwood, 48995, 50, Gustave, the Gutripper, Hunter, Hero
TB_ReturningPlayer_Houndmastr2, Ashes of Outland, 59881, 30, Hakkar the Houndmaster, Hunter, Hero
TRLA_163e, Rastakhan's Rumble, 53259, , Halazzi's Haste, Hunter, Enchantment
TRLA_163e3, Rastakhan's Rumble, 53976, , Halazzi's Protector, Hunter, Enchantment
TRLA_163e4, Rastakhan's Rumble, 53977, , Halazzi's Wrath, Hunter, Enchantment
TU4d_001, Missions, 1602, 20, Hemet Nesingwary, Hunter, Hero
GIL_650e, The Witchwood, 47487, , Hounded!, Hunter, Enchantment
GILA_400h, The Witchwood, 48420, 20, Houndmaster Shaw, Hunter, Hero
CS2_084e, Basic, 925, , Hunter's Mark, Hunter, Enchantment
TB_HunterPrince_IllidanH, Tavern Brawl, 61289, 30, Illidan Stormrage, Hunter, Hero
TU4e_001, Missions, 1636, 30, Illidan Stormrage, Hunter, Hero
DRG_095e, Descent of Dragons, 55641, , Intimidated, Hunter, Enchantment
DALA_BOSS_25h, Rise of Shadows, 53541, 30, Jepetto Joybuzz, Hunter, Hero
SCH_600t3e, Scholomance Academy, 59688, , Kolek's Call, Hunter, Enchantment
Story_02_Leoroxx, Scholomance Academy, 63834, 30, Leoroxx, Hunter, Hero
AT_061e, The Grand Tournament, 2485, , Lock and Load, Hunter, Enchantment
GILA_BOSS_59h, The Witchwood, 48947, 60, Lord Godfrey, Hunter, Hero
GILA_BOSS_25h, The Witchwood, 48182, 25, Manhunter Ivan, Hunter, Hero
DS1_070o, Basic, 722, , Master's Presence, Hunter, Enchantment
TB_BaconUps_068e, Battlegrounds, 59500, , Master's Presence, Hunter, Enchantment
ULDA_BOSS_46p, Saviors of Uldum, 57275, , Maw of the Desert, Hunter, Hero Power
GVG_048e, Goblins vs Gnomes, 2205, , Metal Teeth, Hunter, Enchantment
TB_BaconUps_066e, Battlegrounds, 59496, , Metal Teeth, Hunter, Enchantment
GVG_049e, Goblins vs Gnomes, 2204, , Might of Zul'Farrak, Hunter, Enchantment
Story_02_Sporlare, Scholomance Academy, 65293, , More to the Spore, Hunter, Enchantment
ULDA_BOSS_04h, Saviors of Uldum, 57092, 10, Nash the Greatworm, Hunter, Hero
FB_TagTeam_Hunter_Ench, Tavern Brawl, 41006, , Next Hero: Hunter Ench, Hunter, Enchantment
FB_LK_Hunter_Ench_copy, Tavern Brawl, 46514, , Next Hero: Hunter Ench Copy, Hunter, Enchantment
ULDA_BOSS_50h, Saviors of Uldum, 57372, 10, Ol' Barkeye, Hunter, Hero
DALA_Barkeye, Rise of Shadows, 54550, 15, Ol' Barkeye, Hunter, Hero
FB_Juggernaut_Hunter_Ench, Tavern Brawl, 41440, , Opponent's Class: Hunter Ench, Hunter, Enchantment
BT_203e, Ashes of Outland, 61661, , Packmate, Hunter, Enchantment
BRM_014e, Blackrock Mountain, 2601, , Power Rager, Hunter, Enchantment
BOT_038e, The Boomsday Project, 47854, , Primed, Hunter, Enchantment
PVPDR_Hero_Slate, Tavern Brawl, 63473, 20, Professor Slate, Hunter, Hero
BGS_075e, Battlegrounds, 62164, , Rabid, Hunter, Enchantment
TB_BaconUps_125e, Battlegrounds, 62166, , Rabid, Hunter, Enchantment
DALA_BOSS_24h, Rise of Shadows, 53583, 30, Ranger Ar'ha, Hunter, Hero
BTA_BOSS_03e, Ashes of Outland, 60062, , Ravage, Hunter, Enchantment
GILA_BOSS_38h, The Witchwood, 48580, 15, Ravencaller Cozzlewurt, Hunter, Hero
BTA_BOSS_03p, Ashes of Outland, 60061, , Ravenous Omnivore, Hunter, Hero Power
HERO_05, Basic, 31, 30, Rexxar, Hunter, Hero
Story_02_RexxarYoung, Scholomance Academy, 63843, 30, Rexxar, Hunter, Hero
Story_02_RexxarYoung2, Scholomance Academy, 67248, 30, Rexxar, Hunter, Hero
Story_02_RexxarWar, Scholomance Academy, 63844, 30, Rexxar, Hunter, Hero
Story_02_RexxarMid2, Scholomance Academy, 67249, 30, Rexxar, Hunter, Hero
Story_02_RexxarMid, Scholomance Academy, 63845, 30, Rexxar, Hunter, Hero
Story_02_RexxarMid3, Scholomance Academy, 67250, 30, Rexxar, Hunter, Hero
Story_02_Rexxar, Scholomance Academy, 63846, 30, Rexxar, Hunter, Hero
Story_02_RexxarMid4, Scholomance Academy, 67251, 30, Rexxar, Hunter, Hero
SCH_607e, Scholomance Academy, 59695, , Riled Up, Hunter, Enchantment
ULD_155e, Saviors of Uldum, 54622, , Roar!, Hunter, Enchantment
DRGA_BOSS_19h, Galakrond's Awakening, 58305, 40, Rotwing, Hunter, Hero
TB_BBR3_BOSS_02, Tavern Brawl, 64802, 30, Rotwing, Hunter, Hero
ULDA_402e, Saviors of Uldum, 58048, , Saddled Up!, Hunter, Enchantment
ULDA_BOSS_56h, Saviors of Uldum, 57378, 10, Sand Puffer Frog, Hunter, Hero
ULDA_BOSS_08px, Saviors of Uldum, 59046, , Sand Surge, Hunter, Hero Power
ULDA_BOSS_56p, Saviors of Uldum, 57287, , Sandy Surprise, Hunter, Hero Power
PVPDR_YOP_HunterP1, Tavern Brawl, 67496, , Savage Secrets, Hunter, Hero Power
BT_202e, Ashes of Outland, 56487, , Scent of Blood, Hunter, Enchantment
ULDA_BOSS_08h, Saviors of Uldum, 57573, 10, Sinkhole, Hunter, Hero
TB_LEAGUE_REVIVAL_FinleyAIHero, Tavern Brawl, 57869, 15, Sir Finley, Hunter, Hero
DALA_BOSS_70h, Rise of Shadows, 54364, 30, Sky Captain Smiggs, Hunter, Hero
TRLA_169e, Rastakhan's Rumble, 52909, , Slamm'd N Jamm'd, Hunter, Enchantment
CFM_338e, Mean Streets of Gadgetzan, 40685, , Smuggling, Hunter, Enchantment
CFM_026e, Mean Streets of Gadgetzan, 41127, , Smuggling, Hunter, Enchantment
ULDA_BOSS_13h, Saviors of Uldum, 57317, 10, Snakeflinger Scalesnout, Hunter, Hero
UNG_916e, Journey to Un'Goro, 41359, , Stampeding, Hunter, Enchantment
DAL_379e, Rise of Shadows, 52093, , Stars' Fury, Hunter, Enchantment
ICC_828e, Knights of the Frozen Throne, 46120, , Stitched, Hunter, Enchantment
ULDA_BOSS_70e, Saviors of Uldum, 57552, , Sunshine, Hunter, Enchantment
PVPDR_SCH_Hunterp1e1, Tavern Brawl, 65071, , Survival Training, Hunter, Enchantment
Story_05_Sylvanas, Madness At The Darkmoon Faire, 66909, 100, Sylvanas Windrunner, Hunter, Hero
HERO_05c, Hero Skins, 60335, 30, Sylvanas Windrunner, Hunter, Hero
LOOTA_BOSS_22h, Kobolds & Catacombs, 46340, 20, Tad, Hunter, Hero
GVG_046e, Goblins vs Gnomes, 2202, , The King, Hunter, Enchantment
GILA_BOSS_33h, The Witchwood, 48315, 40, The Scarecrow, Hunter, Hero
TB_TempleOutrun_TrapRoom, Tavern Brawl, 59425, 10, Trap Room, Hunter, Hero
ULDA_BOSS_44h, Saviors of Uldum, 57366, 10, Trap Room, Hunter, Hero
EX1_611e, Classic, 566, , Trapped, Hunter, Enchantment
LOOTA_BOSS_48h, Kobolds & Catacombs, 47328, 40, Trapped Room, Hunter, Hero
DALA_BOSS_41h, Rise of Shadows, 53870, 30, Ungan Oddkind, Hunter, Hero
EX1_536e, Classic, 1680, , Upgraded, Hunter, Enchantment
ULDA_023e, Saviors of Uldum, 58047, , Very Excavated, Hunter, Enchantment
HERO_05b, Hero Skins, 57759, 30, Wanderer Rexxar, Hunter, Hero
HERO_05d, Hero Skins, 61597, 30, Warsong Rexxar, Hunter, Hero
ULDA_BOSS_01h, Saviors of Uldum, 57084, 10, Waste Wanderer Cardish, Hunter, Hero
LOOTA_BOSS_04h, Kobolds & Catacombs, 46264, 30, Waxmancer Sturmi, Hunter, Hero
LOOTA_BOSS_27h, Kobolds & Catacombs, 46266, 50, Waxmancer Sturmi, Hunter, Hero
ULD_410e, Saviors of Uldum, 55168, , Weaved, Hunter, Enchantment
LOOTA_BOSS_44h, Kobolds & Catacombs, 47309, 10, Wee Whelp, Hunter, Hero
UNG_917e, Journey to Un'Goro, 41361, , Well Fed, Hunter, Enchantment
TB_BaconUps_043e, Battlegrounds, 58396, , Well Fed, Hunter, Enchantment
EX1_531e, Classic, 1633, , Well Fed, Hunter, Enchantment
DMF_090e2, Madness At The Darkmoon Faire, 64463, , Well Fed, Hunter, Enchantment
DMF_090e, Madness At The Darkmoon Faire, 61938, , Well Fed, Hunter, Enchantment
ULDA_BOSS_46h, Saviors of Uldum, 57368, 10, Wildtooth, Hunter, Hero
TB_ZombeastEnch, Tavern Brawl, 48825, , Zombeast Enchant, Hunter, Enchantment
DALA_Hunter_08, Rise of Shadows, 55744, , Aggression, Hunter, Spell
ULDA_Brann_12, Saviors of Uldum, 58130, , Armor Up!, Hunter, Spell
DALA_Hunter_11, Rise of Shadows, 55747, , Battlecry, Hunter, Spell
TRLA_Hunter_04, Rastakhan's Rumble, 53264, , Beast Caller, Hunter, Spell
TRLA_Hunter_06, Rastakhan's Rumble, 53266, , Beast Training, Hunter, Spell
LOOTA_Hunter_06, Kobolds & Catacombs, 47092, , Beast Training, Hunter, Spell
PVPDR_Duels_Buckets_Beast, Tavern Brawl, 66388, , Beasts, Hunter, Spell
ULDA_Brann_03, Saviors of Uldum, 58121, , Big Beasties, Hunter, Spell
DALA_Hunter_05, Rise of Shadows, 55741, , Big Beasts, Hunter, Spell
TRLA_Hunter_02, Rastakhan's Rumble, 53262, , Big Beasts, Hunter, Spell
LOOTA_Hunter_02, Kobolds & Catacombs, 47088, , Big Beasts, Hunter, Spell
ULDA_Brann_18, Saviors of Uldum, 58136, , Bombs Away!, Hunter, Spell
ULDA_903, Saviors of Uldum, 58786, , Brann Random Deck, Hunter, Spell
ULDA_Brann_15, Saviors of Uldum, 58133, , Callin' Fer Help, Hunter, Spell
ULDA_Brann_09, Saviors of Uldum, 58127, , Combat Ready, Hunter, Spell
PVPDR_Duels_Buckets_Deathrattl, Tavern Brawl, 66389, , Deathly Minions, Hunter, Spell
DALA_Hunter_03, Rise of Shadows, 55739, , Deathrattle, Hunter, Spell
TRLA_Hunter_09, Rastakhan's Rumble, 53267, , Deathrattle, Hunter, Spell
ULDA_Brann_08, Saviors of Uldum, 58126, , Deathrattle, Hunter, Spell
LOOTA_Hunter_09, Kobolds & Catacombs, 47095, , Deathrattle, Hunter, Spell
LOOTA_Hunter_11, Kobolds & Catacombs, 47097, , Defense, Hunter, Spell
ULDA_Brann_21, Saviors of Uldum, 58734, , Dino Tamin', Hunter, Spell
ULDA_Brann_22, Saviors of Uldum, 58735, , Dire Rush, Hunter, Spell
ULDA_Brann_13, Saviors of Uldum, 58131, , Direct Hit, Hunter, Spell
ULDA_Brann_20, Saviors of Uldum, 58733, , Discover, Hunter, Spell
ULDA_Brann_05, Saviors of Uldum, 58123, , Dragons, Hunter, Spell
ULDA_Brann_17, Saviors of Uldum, 58135, , Draw, Hunter, Spell
DALA_Hunter_07, Rise of Shadows, 55743, , Empowering, Hunter, Spell
TRLA_Hunter_01, Rastakhan's Rumble, 53261, , Fresh Meat, Hunter, Spell
TRLA_163, Rastakhan's Rumble, 52995, 6, Halazzi's Guise, Hunter, Minion
TRLA_163t, Rastakhan's Rumble, 52996, , Halazzi's Guise, Hunter, Minion
TRLA_162e, Rastakhan's Rumble, 53256, 0, Halazzi's Hunt, Hunter, Enchantment
TRLA_162, Rastakhan's Rumble, 52993, 5, Halazzi's Hunt, Hunter, Minion
TRLA_162t, Rastakhan's Rumble, 52994, , Halazzi's Hunt, Hunter, Minion
TRLA_162e2, Rastakhan's Rumble, 54573, 0, Halazzi's Hunt Enchantment, Hunter, Enchantment
TRLA_110t, Rastakhan's Rumble, 52730, , Halazzi's Trap, Hunter, Minion
TRLA_110, Rastakhan's Rumble, 50901, 8, Halazzi's Trap, Hunter, Minion
FB_LK_Hunter_copy, Tavern Brawl, 46523, , Hunter, Hunter, Spell
FB_Juggernaut_Hunter, Tavern Brawl, 41451, , Hunter, Hunter, Spell
ULDA_Brann_11, Saviors of Uldum, 58129, , Keep Swingin', Hunter, Spell
TRLA_Hunter_10, Rastakhan's Rumble, 53268, , Legendary, Hunter, Spell
ULDA_Brann_04, Saviors of Uldum, 58122, , Legendary, Hunter, Spell
LOOTA_Hunter_10, Kobolds & Catacombs, 47096, , Legendary, Hunter, Spell
DALA_Hunter_12, Rise of Shadows, 55748, , Legends, Hunter, Spell
LOEA02_10a, The League of Explorers, 25074, 4, Leokk, Hunter, Minion
LOEA02_10c, The League of Explorers, 25076, 4, Misha, Hunter, Minion
DALA_Hunter_09, Rise of Shadows, 55745, , Overwhelm, Hunter, Spell
ULDA_Brann_10, Saviors of Uldum, 58128, , Pain Gains, Hunter, Spell
DALA_Hunter_10, Rise of Shadows, 55746, , Professional, Hunter, Spell
ULDA_Brann_06, Saviors of Uldum, 58124, , Protectors, Hunter, Spell
ULDA_Brann_16, Saviors of Uldum, 58134, , Pump It Up!, Hunter, Spell
DALA_802, Rise of Shadows, 53319, , Random Hunter Deck, Hunter, Spell
TRLA_209h_Hunter, Rastakhan's Rumble, 54058, 20, Rikkar, Hunter, Hero
ULDA_Brann_07, Saviors of Uldum, 58125, , Rust Buckets, Hunter, Spell
TRLA_Hunter_12, Rastakhan's Rumble, 54102, , Scrapyard, Hunter, Spell
TB_ClassRandom_Hunter, Tavern Brawl, 40043, , Second Class: Hunter, Hunter, Spell
DALA_Hunter_02, Rise of Shadows, 55738, , Secretive, Hunter, Spell
TRLA_Hunter_05, Rastakhan's Rumble, 53265, , Secrets, Hunter, Spell
LOOTA_Hunter_05, Kobolds & Catacombs, 47091, , Secrets, Hunter, Spell
LOOTA_Hunter_03, Kobolds & Catacombs, 47089, , Shots, Hunter, Spell
PVPDR_LOOT_SmartyPants, Tavern Brawl, 63485, , Smarty Pants, Hunter, Spell
LOOTA_Hunter_12, Kobolds & Catacombs, 47578, , Smugglers, Hunter, Spell
DALA_Hunter_01, Rise of Shadows, 55737, , Spells, Hunter, Spell
BOT_251e, The Boomsday Project, 48184, 0, Spider Bomb, Hunter, Enchantment
LOOTA_Hunter_04, Kobolds & Catacombs, 47090, , Summoner, Hunter, Spell
TRLA_Hunter_11, Rastakhan's Rumble, 53269, , Survival Tactics, Hunter, Spell
ULDA_Brann_02, Saviors of Uldum, 58120, , Swarming Beasts, Hunter, Spell
ULDA_Brann_14, Saviors of Uldum, 58132, , Take 'Em Down, Hunter, Spell
DALA_Hunter_04, Rise of Shadows, 55740, , Technological, Hunter, Spell
PVPDR_Duels_Buckets_Face, Tavern Brawl, 66387, , The Best Defense..., Hunter, Spell
DALA_Hunter_06, Rise of Shadows, 55742, , Tiny Trouble, Hunter, Spell
LOOTA_Hunter_08, Kobolds & Catacombs, 47094, , Tracker, Hunter, Spell
PVPDR_Duels_Buckets_Secret, Tavern Brawl, 66390, , Traps and Trappers, Hunter, Spell
TRLA_Hunter_03, Rastakhan's Rumble, 53263, , Trick Shots, Hunter, Spell
ULDA_Brann_19, Saviors of Uldum, 58137, , Tricky Traps, Hunter, Spell
TB_TagTeam_Hunter, Tavern Brawl, 41014, , Unleash the Beasts, Hunter, Spell
LOOTA_Hunter_07, Kobolds & Catacombs, 47093, , Weapons, Hunter, Spell
LOOTA_Hunter_01, Kobolds & Catacombs, 47087, , Wee Beasts, Hunter, Spell
ULDA_Brann_01, Saviors of Uldum, 58119, , Wee Minions, Hunter, Spell
ICC_828t, Knights of the Frozen Throne, 46119, 1, Zombeast, Hunter, Minion
TRLA_204h, Rastakhan's Rumble, 53226, 10, Zul'jin, Hunter, Hero
SCH_617, Scholomance Academy, 59705, , Adorable Infestation, Hunter, Spell
Story_05_Alleria, Madness At The Darkmoon Faire, 67144, 6, Alleria Windrunner, Hunter, Minion
TB_BaconUps_093, Battlegrounds, 60053, 2, Alleycat, Hunter, Minion
CFM_315, Mean Streets of Gadgetzan, 40426, 1, Alleycat, Hunter, Minion
DS1_185, Basic, 877, , Arcane Shot, Hunter, Spell
ULDA_BOSS_04px, Saviors of Uldum, 59045, , Belch, Hunter, Hero Power
EX1_549, Classic, 903, , Bestial Wrath, Hunter, Spell
AT_059, The Grand Tournament, 2642, 1, Brave Archer, Hunter, Minion
LOOT_222, Kobolds & Catacombs, 45537, , Candleshot, Hunter, Weapon
UNG_920t2, Journey to Un'Goro, 42013, 2, Carnassa's Brood, Hunter, Minion
SCH_300, Scholomance Academy, 58782, , Carrion Studies, Hunter, Spell
DRG_251, Descent of Dragons, 55288, , Clear the Way, Hunter, Spell
DRG_253, Descent of Dragons, 55292, 3, Dwarven Sharpshooter, Hunter, Minion
OG_179, Whispers of the Old Gods, 38584, 1, Fiery Bat, Hunter, Minion
ULDA_BOSS_59px, Saviors of Uldum, 59068, , Food Chain, Hunter, Hero Power
DRGA_BOSS_22p_H, Galakrond's Awakening, 61332, , Gronnic Strength, Hunter, Hero Power
BT_202, Ashes of Outland, 56483, 1, Helboar, Hunter, Minion
EX1_538t, Classic, 1715, 1, Hound, Hunter, Minion
ULDA_BOSS_75px, Saviors of Uldum, 59079, , Hunt the Weak, Hunter, Hero Power
FB_Champs_CS2_084, Tavern Brawl, 55788, , Hunter's Mark, Hunter, Spell
UNG_912, Journey to Un'Goro, 41353, 1, Jeweled Macaw, Hunter, Minion
TRL_348t, Rastakhan's Rumble, 50213, 1, Lynx, Hunter, Minion
SCH_617t, Scholomance Academy, 59706, 1, Marsuul Cub, Hunter, Minion
OG_061t, Whispers of the Old Gods, 39004, 1, Mastiff, Hunter, Minion
DMF_122, Madness At The Darkmoon Faire, 61682, 1, Mystery Winner, Hunter, Minion
OG_061, Whispers of the Old Gods, 38377, , On the Hunt, Hunter, Spell
SCH_604, Scholomance Academy, 59449, , Overwhelm, Hunter, Spell
DALA_Hunter_HP2, Rise of Shadows, 53281, , Pet Training, Hunter, Hero Power
CFM_337t, Mean Streets of Gadgetzan, 40682, 1, Piranha, Hunter, Minion
ICC_052, Knights of the Frozen Throne, 42652, , Play Dead, Hunter, Spell
DAL_373, Rise of Shadows, 52076, , Rapid Fire, Hunter, Spell
DAL_373ts, Rise of Shadows, 54143, , Rapid Fire, Hunter, Spell
UNG_914, Journey to Un'Goro, 41357, 1, Raptor Hatchling, Hunter, Minion
UNG_914t1, Journey to Un'Goro, 41356, 3, Raptor Patriarch, Hunter, Minion
TB_BaconUps_027t, Battlegrounds, 58368, 2, Rat, Hunter, Minion
CFM_316t, Mean Streets of Gadgetzan, 41839, 1, Rat, Hunter, Minion
DRGA_BOSS_19p, Galakrond's Awakening, 58306, , Rot Aura, Hunter, Hero Power
DRGA_BOSS_19p_H, Galakrond's Awakening, 61331, , Rot Aura, Hunter, Hero Power
TB_BBR3_BOSS_02p, Tavern Brawl, 64814, , Rot Aura, Hunter, Hero Power
ULDA_BOSS_41px, Saviors of Uldum, 59061, , Running Wild, Hunter, Hero Power
ULDA_BOSS_08p, Saviors of Uldum, 57574, , Sand Surge, Hunter, Hero Power
BOT_402, The Boomsday Project, 48519, 0, Secret Plan, Hunter, Spell
DALA_Hunter_HP2t, Rise of Shadows, 53282, 1, Shifting Chameleon, Hunter, Minion
DAL_587, Rise of Shadows, 52894, 1, Shimmerfly, Hunter, Minion
CFM_334, Mean Streets of Gadgetzan, 40679, , Smuggler's Crate, Hunter, Spell
EX1_554t, Classic, 204, 1, Snake, Hunter, Minion
TB_BaconUps_026t, Battlegrounds, 58366, 2, Spider, Hunter, Minion
OG_216a, Whispers of the Old Gods, 38735, 1, Spider, Hunter, Minion
TRL_348, Rastakhan's Rumble, 49824, 1, Springpaw, Hunter, Minion
UNG_916, Journey to Un'Goro, 41360, , Stampede, Hunter, Spell
TB_BaconUps_093t, Battlegrounds, 60054, 2, Tabbycat, Hunter, Minion
CFM_315t, Mean Streets of Gadgetzan, 40425, 1, Tabbycat, Hunter, Minion
TRL_119, Rastakhan's Rumble, 50644, , The Beast Within, Hunter, Spell
UNG_920, Journey to Un'Goro, 41368, , The Marsh Queen, Hunter, Spell
DS1_175, Basic, 606, 1, Timber Wolf, Hunter, Minion
DRG_255, Descent of Dragons, 55301, , Toxic Reinforcements, Hunter, Spell
DS1_184, Basic, 1047, , Tracking, Hunter, Spell
ULDA_BOSS_44px, Saviors of Uldum, 59064, , Tricks and Traps, Hunter, Hero Power
ULD_155, Saviors of Uldum, 53924, , Unseal the Vault, Hunter, Spell
FP1_011, Naxxramas, 1860, 1, Webspinner, Hunter, Minion
SCH_133, Scholomance Academy, 59170, 1, Wolpertinger, Hunter, Minion
BTA_BOSS_03h, Ashes of Outland, 60060, 40, Zixor, Apex Predator, Hunter, Hero
Story_02_RexxarMidHP4, Scholomance Academy, 64256, , Axe Toss, Hunter, Hero Power
Story_02_RexxarHP, Scholomance Academy, 64366, , Axe Toss Rank 2, Hunter, Hero Power
DS1h_292_H3_AT_132, Hero Skins, 60596, , Ballista Shot, Hunter, Hero Power
HERO_05dbp2, Hero Skins, 65541, , Ballista Shot, Hunter, Hero Power
AT_132_HUNTER_H1, Hero Skins, 60337, , Ballista Shot, Hunter, Hero Power
HERO_05bp2, Basic, 2738, , Ballista Shot, Hunter, Hero Power
DS1h_292_H1_AT_132, Hero Skins, 30366, , Ballista Shot, Hunter, Hero Power
AT_060, The Grand Tournament, 2641, , Bear Trap, Hunter, Spell
TRL_065h, Rastakhan's Rumble, 50579, , Berserker Throw, Hunter, Hero Power
KAR_005a, One Night in Karazhan, 39161, 2, Big Bad Wolf, Hunter, Minion
TB_BaconUps_004t, Battlegrounds, 57341, 4, Big Bad Wolf, Hunter, Minion
YOP_027, Madness At The Darkmoon Faire, 61965, , Bola Shot, Hunter, Spell
BOT_033, The Boomsday Project, 47840, , Bomb Toss, Hunter, Spell
ULDA_BOSS_01p, Saviors of Uldum, 57085, , Boom Bullets, Hunter, Hero Power
ULDA_BOSS_01px, Saviors of Uldum, 59042, , Boom Bullets, Hunter, Hero Power
ULDA_402, Saviors of Uldum, 57603, , Brann's Saddle, Hunter, Spell
Story_02_RexxarMidHP, Scholomance Academy, 64311, , Call Misha, Hunter, Hero Power
Story_02_RexxarMidHP2, Scholomance Academy, 64364, , Call Misha Rank 2, Hunter, Hero Power
Story_02_RexxarMidHP3, Scholomance Academy, 64365, , Call Misha Rank 3, Hunter, Hero Power
GVG_017, Goblins vs Gnomes, 2094, , Call Pet, Hunter, Spell
KAR_004, One Night in Karazhan, 39160, , Cat Trick, Hunter, Spell
DRG_006, Descent of Dragons, 54922, , Corrosive Breath, Hunter, Spell
UNG_915, Journey to Un'Goro, 41358, 2, Crackling Razormaw, Hunter, Minion
BOT_438, The Boomsday Project, 48772, , Cybertech Chip, Hunter, Spell
DMF_083, Madness At The Darkmoon Faire, 61679, 5, Dancing Cobra, Hunter, Minion
DMF_083t, Madness At The Darkmoon Faire, 61688, 5, Dancing Cobra, Hunter, Minion
LOE_021, The League of Explorers, 2893, , Dart Trap, Hunter, Spell
BCON_001, Basic, 49225, , Deadeye, Hunter, Spell
PVPDR_DMF_Hunterp1, Tavern Brawl, 66733, , Death Games, Hunter, Hero Power
PVPDR_YOP_HunterT1, Tavern Brawl, 67518, 3, Deathstrider, Hunter, Minion
TB_LEAGUE_REVIVAL_BrannAIHp, Tavern Brawl, 57862, , Dino Buddies, Hunter, Hero Power
ULDA_Brann_HP3, Saviors of Uldum, 57645, , Dino Tracking, Hunter, Hero Power
UNG_917t1, Journey to Un'Goro, 41362, , Dinomancy, Hunter, Hero Power
UNG_917, Journey to Un'Goro, 41363, , Dinomancy, Hunter, Spell
DMF_090, Madness At The Darkmoon Faire, 61846, , Don't Feed the Animals, Hunter, Spell
DMF_090t, Madness At The Darkmoon Faire, 61848, , Don't Feed the Animals, Hunter, Spell
LOE_105, The League of Explorers, 3001, , Explorer's Hat, Hunter, Spell
EX1_610, Classic, 585, , Explosive Trap, Hunter, Spell
GVG_026, Goblins vs Gnomes, 1991, , Feign Death, Hunter, Spell
TB_ReturningPlayer_HoundmastHP, Ashes of Outland, 62034, , Fel Whip, Hunter, Hero Power
BOT_038, The Boomsday Project, 47855, 1, Fireworks Tech, Hunter, Minion
EX1_544, Classic, 896, , Flare, Hunter, Spell
ULDA_BOSS_59p, Saviors of Uldum, 57290, , Food Chain, Hunter, Hero Power
EX1_611, Classic, 519, , Freezing Trap, Hunter, Spell
YOD_005ts, Galakrond's Awakening, 56142, , Fresh Scent, Hunter, Spell
YOD_005, Galakrond's Awakening, 56067, , Fresh Scent, Hunter, Spell
Story_02_RexxarWarHP, Scholomance Academy, 64255, , Friend to Animals, Hunter, Hero Power
GVG_043, Goblins vs Gnomes, 2011, , Glaivezooka, Hunter, Weapon
BOT_437, The Boomsday Project, 48770, , Goblin Prank, Hunter, Spell
UNG_910, Journey to Un'Goro, 41350, , Grievous Bite, Hunter, Spell
TRL_111, Rastakhan's Rumble, 50608, 0, Headhunter's Hatchet, Hunter, Weapon
CFM_026, Mean Streets of Gadgetzan, 40339, , Hidden Cache, Hunter, Spell
ULDA_BOSS_75p, Saviors of Uldum, 57308, , Hunt the Weak, Hunter, Hero Power
CS2_084, Basic, 141, , Hunter's Mark, Hunter, Spell
ICC_828t5, The Witchwood, 50142, 1, Hunting Mastiff, Hunter, Minion
GIL_607t, The Witchwood, 47930, 1, Hunting Mastiff, Hunter, Minion
ULD_154t, Saviors of Uldum, 53923, 2, Hyena, Hunter, Minion
EX1_534t, Classic, 1624, 2, Hyena, Hunter, Minion
TB_BaconUps_049t, Battlegrounds, 58410, 4, Hyena, Hunter, Minion
BT_211, Ashes of Outland, 56482, 4, Imprisoned Felmaw, Hunter, Minion
KAR_005, One Night in Karazhan, 39481, 1, Kindly Grandmother, Hunter, Minion
TB_BaconUps_004, Battlegrounds, 57340, 2, Kindly Grandmother, Hunter, Minion
AT_058, The Grand Tournament, 2635, 2, King's Elekk, Hunter, Minion
AT_061, The Grand Tournament, 2484, , Lock and Load, Hunter, Spell
WE1_026, Wild Event, 59738, , Lock and Load, Hunter, Spell
EX1_533, Classic, 1091, , Misdirection, Hunter, Spell
DMF_123, Madness At The Darkmoon Faire, 61683, , Open the Cages, Hunter, Spell
DALA_Hunter_HP1, Rise of Shadows, 53279, , Opportunist, Hunter, Hero Power
BT_203, Ashes of Outland, 56484, , Pack Tactics, Hunter, Spell
ULD_155p, Saviors of Uldum, 53925, , Pharaoh's Warmask, Hunter, Hero Power
DRG_252, Descent of Dragons, 55291, 3, Phase Stalker, Hunter, Minion
ULD_152, Saviors of Uldum, 53919, , Pressure Plate, Hunter, Spell
BRM_013, Blackrock Mountain, 2260, , Quick Shot, Hunter, Spell
GIL_577, The Witchwood, 47128, , Rat Trap, Hunter, Spell
Story_02_LeoroxxHP, Scholomance Academy, 61372, , Reprimand, Hunter, Hero Power
TRL_566, Rastakhan's Rumble, 51159, , Revenge of the Wild, Hunter, Spell
ULDA_BOSS_41p, Saviors of Uldum, 57270, , Running Wild, Hunter, Hero Power
BT_213, Ashes of Outland, 56703, , Scavenger's Ingenuity, Hunter, Spell
EX1_531, Classic, 1281, 2, Scavenging Hyena, Hunter, Minion
TB_BaconUps_043, Battlegrounds, 58395, 4, Scavenging Hyena, Hunter, Minion
TU4d_003, Missions, 1683, , Shotgun Blast, Hunter, Hero Power
EX1_554, Classic, 455, , Snake Trap, Hunter, Spell
TB_Bacon_Secrets_02, Battlegrounds, 58500, , Snake Trap, Hunter, Spell
ULDA_BOSS_13p, Saviors of Uldum, 57229, , Snakeshot, Hunter, Hero Power
EX1_609, Classic, 814, , Snipe, Hunter, Spell
ULDA_Brann_HP1, Saviors of Uldum, 57643, , Spread Shot, Hunter, Hero Power
DS1h_292_H1, Hero Skins, 2833, , Steady Shot, Hunter, Hero Power
HERO_05dbp, Hero Skins, 65540, , Steady Shot, Hunter, Hero Power
DS1h_292_H3, Hero Skins, 60336, , Steady Shot, Hunter, Hero Power
HERO_05bp, Basic, 229, , Steady Shot, Hunter, Hero Power
DS1h_292_H2, Hero Skins, 57760, , Steady Shot, Hunter, Hero Power
TRLA_065p, Rastakhan's Rumble, 53943, , Steady Throw, Hunter, Hero Power
GVG_087, Goblins vs Gnomes, 2055, 3, Steamwheedle Sniper, Hunter, Minion
PVPDR_SCH_Hunterp1, Tavern Brawl, 64794, , Survival Training, Hunter, Hero Power
BTA_01p, Ashes of Outland, 62009, , The Right Tool, Hunter, Hero Power
ICC_049, Knights of the Frozen Throne, 42648, , Toxic Arrow, Hunter, Spell
PVPDR_YOP_DemHun, Tavern Brawl, 67487, 3, Traktamer Aelessa, Hunter, Minion
ULDA_BOSS_44p, Saviors of Uldum, 57273, , Tricks and Traps, Hunter, Hero Power
CFM_338, Mean Streets of Gadgetzan, 40684, 2, Trogg Beastrager, Hunter, Minion
DRGA_BOSS_04p, Galakrond's Awakening, 58261, , Trusty Whip, Hunter, Hero Power
BOT_035, The Boomsday Project, 47842, 2, Venomizer, Hunter, Minion
ULDA_BOSS_05p, Saviors of Uldum, 57094, , Venomous Stinger, Hunter, Hero Power
ICC_200, Knights of the Frozen Throne, 42525, , Venomstrike Trap, Hunter, Spell
TB_Bacon_Secrets_01, Battlegrounds, 58499, , Venomstrike Trap, Hunter, Spell
LOOT_079, Kobolds & Catacombs, 43359, , Wandering Monster, Hunter, Spell
DRGA_BOSS_38h, Galakrond's Awakening, 59994, 100, Warchief Sylvanas, Hunter, Hero
NEW1_031, Basic, 437, , Animal Companion, Hunter, Spell
BT_201, Ashes of Outland, 56398, 4, Augmented Porcupine, Hunter, Minion
ICC_419, Knights of the Frozen Throne, 42711, 3, Bearshark, Hunter, Minion
Story_02_BeastCompanion, Scholomance Academy, 64645, , Beast Companion, Hunter, Spell
ULDA_BOSS_04p, Saviors of Uldum, 57091, , Belch, Hunter, Hero Power
SCH_340, Scholomance Academy, 59188, 2, Bloated Python, Hunter, Minion
TRL_349, Rastakhan's Rumble, 50471, 4, Bloodscalp Strategist, Hunter, Minion
OG_325, Whispers of the Old Gods, 38985, 5, Carrion Grub, Hunter, Minion
PVPDR_YOP_HunterT2, Tavern Brawl, 67494, , Carrot on a Stick, Hunter, Weapon
KAR_004a, One Night in Karazhan, 39173, 2, Cat in a Hat, Hunter, Minion
LOOT_078, Kobolds & Catacombs, 43358, 4, Cave Hydra, Hunter, Minion
TB_BaconUps_151, Battlegrounds, 63794, 8, Cave Hydra, Hunter, Minion
YOD_004, Galakrond's Awakening, 56064, 4, Chopshop Copter, Hunter, Minion
TOT_340, Taverns of Time, 51145, , Chronoshot, Hunter, Spell
KAR_006, One Night in Karazhan, 39492, 4, Cloaked Huntress, Hunter, Minion
DMF_086e, Madness At The Darkmoon Faire, 61701, 3, Darkmoon Strider, Hunter, Minion
EX1_617, Classic, 1093, , Deadly Shot, Hunter, Spell
LOE_020, The League of Explorers, 2892, 4, Desert Camel, Hunter, Minion
ULD_430, Saviors of Uldum, 53860, , Desert Spear, Hunter, Weapon
DRG_010, Descent of Dragons, 54926, 1, Diving Gryphon, Hunter, Minion
AT_063t, The Grand Tournament, 2634, 2, Dreadscale, Hunter, Minion
GIL_200, The Witchwood, 46596, 5, Duskhaven Hunter, Hunter, Minion
GIL_200t, The Witchwood, 46597, 2, Duskhaven Hunter, Hunter, Minion
EX1_536, Classic, 1662, , Eaglehorn Bow, Hunter, Weapon
OG_292, Whispers of the Old Gods, 38875, 2, Forlorn Stalker, Hunter, Minion
Story_02_Haratha, Scholomance Academy, 64354, 5, Haratha, Hunter, Minion
NEW1_034, Basic, 100, 2, Huffer, Hunter, Minion
ULD_429, Saviors of Uldum, 53861, , Hunter's Pack, Hunter, Spell
OG_045, Whispers of the Old Gods, 38329, , Infest, Hunter, Spell
EX1_539, Basic, 296, , Kill Command, Hunter, Spell
NEW1_033, Basic, 226, 4, Leokk, Hunter, Minion
TRL_339, Rastakhan's Rumble, 50212, , Master's Call, Hunter, Spell
GVG_048, Goblins vs Gnomes, 2016, 3, Metaltooth Leaper, Hunter, Minion
TB_BaconUps_066, Battlegrounds, 59495, 6, Metaltooth Leaper, Hunter, Minion
NEW1_032, Basic, 959, 4, Misha, Hunter, Minion
DAL_377, Rise of Shadows, 52082, , Nine Lives, Hunter, Spell
DMF_086, Madness At The Darkmoon Faire, 61700, , Petting Zoo, Hunter, Spell
AT_056, The Grand Tournament, 2638, , Powershot, Hunter, Spell
DRG_254, Descent of Dragons, 55294, 3, Primordial Explorer, Hunter, Minion
SCH_539, Scholomance Academy, 60004, 4, Professor Slate, Hunter, Minion
BGS_075, Battlegrounds, 62162, 2, Rabid Saurolisk, Hunter, Minion
TB_BaconUps_125, Battlegrounds, 62165, 4, Rabid Saurolisk, Hunter, Minion
TRLA_167, Rastakhan's Rumble, 52906, 1, Rabid Saurolisk, Hunter, Minion
ULD_151, Saviors of Uldum, 53917, 3, Ramkahen Wildtamer, Hunter, Minion
TB_BaconUps_027, Battlegrounds, 58367, 4, Rat Pack, Hunter, Minion
CFM_316, Mean Streets of Gadgetzan, 40428, 2, Rat Pack, Hunter, Minion
SCH_607b, Scholomance Academy, 59898, , Rile the Herd, Hunter, Spell
YOP_028, Madness At The Darkmoon Faire, 61966, 4, Saddlemaster, Hunter, Minion
TRLA_164, Rastakhan's Rumble, 52844, 3, Shadowmaw Panther, Hunter, Minion
CFM_336, Mean Streets of Gadgetzan, 40681, 3, Shaky Zipgunner, Hunter, Minion
SCH_607, Scholomance Academy, 59457, 3, Shan'do Wildclaw, Hunter, Minion
PVPDR_036, Tavern Brawl, 63567, , Slate's Syringe, Hunter, Spell
BOT_251, The Boomsday Project, 48185, 2, Spider Bomb, Hunter, Minion
TRL_901, Rastakhan's Rumble, 50660, 3, Spirit of the Lynx, Hunter, Minion
Story_02_Sporlar, Scholomance Academy, 64648, 4, Sporlar, Hunter, Minion
AT_057, The Grand Tournament, 2639, 2, Stablemaster, Hunter, Minion
ICC_415, Knights of the Frozen Throne, 42707, 2, Stitched Tracker, Hunter, Minion
DRG_007, Descent of Dragons, 54923, , Stormhammer, Hunter, Weapon
UNG_800, Journey to Un'Goro, 41304, 3, Terrorscale Stalker, Hunter, Minion
Story_02_Tethik, Scholomance Academy, 64649, 4, Tethik, Hunter, Minion
DAL_379t, Rise of Shadows, 54157, 0, Thori'dal, the Stars' Fury, Hunter, Weapon
SCH_607a, Scholomance Academy, 59896, , Transfiguration, Hunter, Spell
Story_02_Tuffer, Scholomance Academy, 64647, 3, Tuffer, Hunter, Minion
EX1_538, Classic, 1243, , Unleash the Hounds, Hunter, Spell
DAL_604, Rise of Shadows, 52790, 3, Ursatron, Hunter, Minion
LOOT_077t, Kobolds & Catacombs, 46446, 3, Wolf, Hunter, Minion
BT_210, Ashes of Outland, 56451, 4, Zixor, Apex Predator, Hunter, Minion
DAL_372, Rise of Shadows, 52072, 3, Arcane Fletcher, Hunter, Minion
TRLA_165, Rastakhan's Rumble, 52904, 4, Battlestarved Lynx, Hunter, Minion
BT_163t, Ashes of Outland, 57965, 5, Clefthoof, Hunter, Minion
BRM_014, Blackrock Mountain, 2263, 4, Core Rager, Hunter, Minion
GIL_828, The Witchwood, 48201, , Dire Frenzy, Hunter, Spell
CFM_335, Mean Streets of Gadgetzan, 41126, 4, Dispatch Kodo, Hunter, Minion
DRG_256, Descent of Dragons, 55303, 5, Dragonbane, Hunter, Minion
Story_05_SylvanasHP, Madness At The Darkmoon Faire, 66917, , Equip Windrunner's Bow, Hunter, Hero Power
ICC_021, Knights of the Frozen Throne, 42320, 1, Exploding Bloatbat, Hunter, Minion
LOOT_077, Kobolds & Catacombs, 43357, , Flanking Strike, Hunter, Spell
DRG_251t, Descent of Dragons, 55821, 4, Gryphon, Hunter, Minion
SCH_340t, Scholomance Academy, 61173, 4, Hapless Handler, Hunter, Minion
DS1_070, Basic, 1003, 3, Houndmaster, Hunter, Minion
TB_BaconUps_068, Battlegrounds, 59499, 6, Houndmaster, Hunter, Minion
GIL_650, The Witchwood, 47488, 6, Houndmaster Shaw, Hunter, Minion
ULD_154, Saviors of Uldum, 53922, 3, Hyena Alpha, Hunter, Minion
TB_BaconUps_026, Battlegrounds, 58365, 6, Infested Wolf, Hunter, Minion
OG_216, Whispers of the Old Gods, 38734, 3, Infested Wolf, Hunter, Minion
TOT_117, Taverns of Time, 51089, 5, Infinite Wolf, Hunter, Minion
ULDA_018, Saviors of Uldum, 57605, 5, Jr. Excavator, Hunter, Minion
SCH_239, Scholomance Academy, 58980, 5, Krolusk Barkstripper, Hunter, Minion
DAL_371, Rise of Shadows, 52070, , Marked Shot, Hunter, Spell
Story_05_MarkedShot, Madness At The Darkmoon Faire, 67800, , Marked Shot, Hunter, Spell
BT_212, Ashes of Outland, 56694, 2, Mok'Nathal Lion, Hunter, Minion
DS1_183, Basic, 292, , Multi-Shot, Hunter, Spell
BOT_039, The Boomsday Project, 47856, 6, Necromechanic, Hunter, Minion
ICC_204, Knights of the Frozen Throne, 42563, 4, Professor Putricide, Hunter, Minion
DMF_088, Madness At The Darkmoon Faire, 61839, , Rinling's Rifle, Hunter, Weapon
BT_205, Ashes of Outland, 56697, , Scrap Shot, Hunter, Spell
ULDA_023, Saviors of Uldum, 57604, 6, Sr. Excavator, Hunter, Minion
TRLA_168, Rastakhan's Rumble, 52907, 5, Streetsmuggler, Hunter, Minion
GIL_607, The Witchwood, 47256, 4, Toxmonger, Hunter, Minion
GIL_518, The Witchwood, 46940, , Wing Blast, Hunter, Spell
TRL_347, Rastakhan's Rumble, 50466, , Baited Arrow, Hunter, Spell
GIL_905, The Witchwood, 48902, 7, Carrion Drake, Hunter, Minion
GVG_073, Goblins vs Gnomes, 2041, , Cobra Shot, Hunter, Spell
ICC_243, Knights of the Frozen Throne, 42822, 6, Corpse Widow, Hunter, Minion
TRL_347t, Rastakhan's Rumble, 50467, 5, Devilsaur, Hunter, Minion
DRGA_BOSS_22t, Galakrond's Awakening, 58316, , Dragonslayer's Greatbow, Hunter, Weapon
DRGA_BOSS_22t4, Galakrond's Awakening, 60775, , Dragonslayer's Greatbow, Hunter, Weapon
ULD_156t2, Saviors of Uldum, 56213, 5, Duchess, Hunter, Minion
ULD_156t, Saviors of Uldum, 55645, 5, Duke, Hunter, Minion
LOOT_080t2, Kobolds & Catacombs, 43362, , Emerald Spellstone, Hunter, Spell
FB_Champs_LOOT_080t2, Tavern Brawl, 55791, , Emerald Spellstone, Hunter, Spell
EX1_537, Classic, 394, , Explosive Shot, Hunter, Spell
LOOT_080t3, Kobolds & Catacombs, 43361, , Greater Emerald Spellstone, Hunter, Spell
FB_Champs_LOOT_080t3, Tavern Brawl, 55790, , Greater Emerald Spellstone, Hunter, Spell
TRL_900, Rastakhan's Rumble, 50659, 2, Halazzi, the Lynx, Hunter, Minion
DAL_589, Rise of Shadows, 53099, , Hunting Party, Hunter, Spell
GVG_046, Goblins vs Gnomes, 2014, 6, King of Beasts, Hunter, Minion
CFM_333, Mean Streets of Gadgetzan, 40678, 7, Knuckles, Hunter, Minion
LOOT_080, Kobolds & Catacombs, 43363, , Lesser Emerald Spellstone, Hunter, Spell
FB_Champs_LOOT_080, Tavern Brawl, 55789, , Lesser Emerald Spellstone, Hunter, Spell
CFM_337, Mean Streets of Gadgetzan, 40683, , Piranha Launcher, Hunter, Weapon
OG_309, Whispers of the Old Gods, 38910, 5, Princess Huhuran, Hunter, Minion
UNG_920t1, Journey to Un'Goro, 41367, 8, Queen Carnassa, Hunter, Minion
AT_010, The Grand Tournament, 2552, 3, Ram Wrangler, Hunter, Minion
YOD_036, Galakrond's Awakening, 56239, 5, Rotnest Drake, Hunter, Minion
TRLA_169, Rastakhan's Rumble, 52908, 5, Slamma Jamma, Hunter, Minion
CS2_237, Basic, 1241, 2, Starving Buzzard, Hunter, Minion
SCH_244, Scholomance Academy, 59026, 5, Teacher's Pet, Hunter, Minion
Story_02_TeachersPet, Scholomance Academy, 64654, 5, Teacher's Pet, Hunter, Minion
UNG_913, Journey to Un'Goro, 41354, 5, Tol'vir Warden, Hunter, Minion
DMF_087, Madness At The Darkmoon Faire, 61702, 5, Trampling Rhino, Hunter, Minion
TRLA_166, Rastakhan's Rumble, 52905, 8, Troll Harbinger, Hunter, Minion
DS1_178, Basic, 699, 5, Tundra Rhino, Hunter, Minion
GIL_562, The Witchwood, 47078, 3, Vilebrood Skitterer, Hunter, Minion
ICC_828t6, The Witchwood, 50143, 3, Vilebrood Skitterer, Hunter, Minion
DAL_378t1, Rise of Shadows, 54146, 5, Wyvern, Hunter, Minion
AT_062, The Grand Tournament, 2483, , Ball of Spiders, Hunter, Spell
ULDA_405, Saviors of Uldum, 57601, 5, Brann's Epic Egg, Hunter, Minion
ICC_828, Knights of the Frozen Throne, 43398, 30, Deathstalker Rexxar, Hunter, Hero
TB_Zombeast_H, Tavern Brawl, 50702, 30, Deathstalker Rexxar, Hunter, Hero
TB_DK_Rexxar, Tavern Brawl, 52236, 30, Deathstalker Rexxar, Hunter, Hero
GIL_577t, The Witchwood, 49457, 6, Doom Rat, Hunter, Minion
Story_05_Lorthemar, Madness At The Darkmoon Faire, 67821, 5, Lor'themar Theron, Hunter, Minion
DMF_089, Madness At The Darkmoon Faire, 61842, 4, Maxima Blastenheimer, Hunter, Minion
DAL_376, Rise of Shadows, 52081, 4, Oblivitron, Hunter, Minion
Story_03_Rexxar, Madness At The Darkmoon Faire, 66843, 5, Rexxar, Hunter, Minion
EX1_534, Classic, 1261, 5, Savannah Highmane, Hunter, Minion
TB_BaconUps_049, Battlegrounds, 58409, 10, Savannah Highmane, Hunter, Minion
ULD_410, Saviors of Uldum, 53609, 5, Scarlet Webweaver, Hunter, Minion
LOOT_520, Kobolds & Catacombs, 46445, 4, Seeping Oozeling, Hunter, Minion
ULD_713, Saviors of Uldum, 54424, , Swarm of Locusts, Hunter, Spell
LOOT_217, Kobolds & Catacombs, 45546, , To My Side!, Hunter, Spell
DAL_378, Rise of Shadows, 52089, , Unleash the Beast, Hunter, Spell
DAL_378ts, Rise of Shadows, 54145, , Unleash the Beast, Hunter, Spell
DRG_095, Descent of Dragons, 55640, 6, Veranus, Hunter, Minion
ULD_212, Saviors of Uldum, 53435, 9, Wild Bloodstinger, Hunter, Minion
Story_05_WindrunnersBow, Madness At The Darkmoon Faire, 66949, , Windrunner's Bow, Hunter, Weapon
ICC_825, Knights of the Frozen Throne, 43245, 7, Abominable Bowman, Hunter, Minion
AT_063, The Grand Tournament, 2633, 2, Acidmaw, Hunter, Minion
BOT_034, The Boomsday Project, 47841, 5, Boommaster Flark, Hunter, Minion
LOOT_522, Kobolds & Catacombs, 46450, , Crushing Walls, Hunter, Spell
DMF_085, Madness At The Darkmoon Faire, 61699, 5, Darkmoon Tonk, Hunter, Minion
BOT_429, The Boomsday Project, 48670, , Flark's Boom-Zooka, Hunter, Spell
GVG_049, Goblins vs Gnomes, 2017, 9, Gahz'rilla, Hunter, Minion
DS1_188, Classic, 311, , Gladiator's Longbow, Hunter, Weapon
DRGA_BOSS_22t2, Galakrond's Awakening, 58317, , Heartseeker, Hunter, Spell
DRGA_BOSS_22t3, Galakrond's Awakening, 60774, , Heartseeker, Hunter, Spell
Story_02_HuntmasterBow, Scholomance Academy, 64462, , Huntmaster's Bow, Hunter, Weapon
Story_02_MokNathalBow, Scholomance Academy, 64650, , Mok'Nathal Bow, Hunter, Weapon
LOOT_085, Kobolds & Catacombs, 43369, , Rhok'delar, Hunter, Weapon
Story_01_Shandris, Scholomance Academy, 63584, 6, Shandris Feathermoon, Hunter, Minion
PVPDR_DMF_Huntert2, Tavern Brawl, 66737, , Stalking Pride, Hunter, Spell
UNG_919, Journey to Un'Goro, 41366, 9, Swamp King Dred, Hunter, Minion
DAL_379, Rise of Shadows, 52091, 6, Vereesa Windrunner, Hunter, Minion
BT_214, Ashes of Outland, 56758, 5, Beastmaster Leoroxx, Hunter, Minion
PVPDR_SCH_Huntert2, Tavern Brawl, 65088, 3, Bonecrusher, Hunter, Minion
WE1_027, Wild Event, 59739, , Call of the Wild, Hunter, Spell
OG_211, Whispers of the Old Gods, 38727, , Call of the Wild, Hunter, Spell
ULD_156, Saviors of Uldum, 53926, 4, Dinotamer Brann, Hunter, Minion
OG_308, Whispers of the Old Gods, 38909, 8, Giant Sand Worm, Hunter, Minion
SCH_610, Scholomance Academy, 59539, , Guardian Animals, Hunter, Spell
DMF_084, Madness At The Darkmoon Faire, 61690, , Jewel of N'Zoth, Hunter, Spell
LOOT_511, Kobolds & Catacombs, 46390, 6, Kathrena Winterwisp, Hunter, Minion
BT_210t, Ashes of Outland, 57631, 4, Zixor Prime, Hunter, Minion
ULD_156t3, Saviors of Uldum, 57918, 8, King Krush, Hunter, Minion
EX1_543, Classic, 1144, 8, King Krush, Hunter, Minion
GIL_128, The Witchwood, 46678, 8, Emeriss, Hunter, Minion
BT_163, Ashes of Outland, 56827, , Nagrand Slam, Hunter, Spell
TRL_065, Rastakhan's Rumble, 49819, 30, Zul'jin, Hunter, Hero
Story_05_AlleriaDormant, Madness At The Darkmoon Faire, 67145, 1, Alleria Windrunner, Hunter, Minion
